{
  "ndcg@5": 0.029567734908975588,
  "ndcg@10": 0.03639819642475303,
  "ndcg@20": 0.04410343977266859,
  "map@5": 0.019025,
  "map@10": 0.021039349253590325,
  "map@20": 0.022782320008678105,
  "hitrate@5": 0.0845,
  "hitrate@10": 0.1265,
  "hitrate@20": 0.1785,
  "precision@5": 0.0177,
  "precision@10": 0.013800000000000002,
  "precision@20": 0.010275000000000001,
  "recall@5": 0.03160878634782045,
  "recall@10": 0.04937898741867942,
  "recall@20": 0.07274531613362958,
  "coverage": 0.13634955066625348,
  "novelty": 6.918522509554899,
  "diversity": 0.2296491265296936
}